customer_age,tenure_months,monthly_charge,total_charges,avg_monthly_usage_gb,num_products,has_streaming,has_security_pack,support_tickets,late_payments,contract_type,payment_method,internet_service,region,is_promo
58,19,33.971,441.55,49.93,4,1,1,4,1,mensual,transferencia,fibra,sur,0
44,27,100.671,2224.83,73.4,2,1,0,2,1,mensual,credito,cable,centro,0
62,27,53.589999999999996,1103.13,85.3,4,0,1,3,2,mensual,debito,cable,centro,0
24,72,102.11999999999999,6319.72,158.06,1,1,1,5,1,anual,efectivo,fibra,centro,1
64,41,55.93599999999999,1926.68,118.28,4,1,0,2,2,mensual,credito,cable,centro,0
51,57,65.76849999999999,3253.83,97.45,3,1,1,6,3,mensual,efectivo,fibra,centro,1
30,61,84.824,4342.92,105.2,4,1,1,2,1,mensual,debito,cable,norte,0
73,2,99.521,63.72,157.11,4,1,0,3,2,mensual,transferencia,cable,norte,0
19,44,70.127,2483.82,177.8,3,1,1,3,1,anual,debito,cable,oeste,0
49,22,71.33449999999999,1668.65,164.67,4,1,1,2,1,anual,credito,fibra,norte,0
33,34,58.696,1797.56,102.5,2,1,0,5,1,mensual,transferencia,fibra,centro,0
71,40,69.7935,2378.41,137.93,4,1,0,6,3,mensual,debito,cable,oeste,0
72,34,27.979499999999994,880.93,146.88,2,1,0,1,2,anual,debito,cable,norte,1
47,32,97.80749999999999,2654.0,78.95,4,0,1,4,1,anual,transferencia,fibra,centro,0
34,10,105.317,825.13,65.29,3,0,0,1,1,anual,debito,fibra,sur,0
64,56,64.49199999999999,3140.96,163.49,4,1,0,2,1,mensual,credito,movil,centro,1
48,38,88.34299999999999,2718.0,183.36,2,1,1,2,2,bianual,debito,movil,centro,1
48,68,79.005,4634.42,168.74,2,1,0,3,1,anual,debito,movil,centro,0
57,16,95.51899999999999,1475.28,199.94,4,0,1,2,2,mensual,debito,fibra,centro,0
48,15,107.06499999999998,1308.64,31.18,2,1,1,2,2,anual,debito,cable,centro,0
55,39,44.171499999999995,1454.89,150.5,1,0,1,5,4,anual,transferencia,fibra,centro,0
49,51,82.041,3396.55,93.81,4,1,1,4,3,mensual,debito,fibra,sur,1
25,43,71.231,2597.75,242.33,4,1,0,1,1,mensual,credito,cable,centro,1
60,62,77.93549999999999,4156.06,139.49,3,1,1,2,4,mensual,debito,ninguno,centro,1
52,1,66.148,50.0,155.33,3,1,1,3,1,anual,credito,fibra,norte,0
78,47,83.48999999999998,3554.26,178.14,4,1,0,1,1,mensual,transferencia,fibra,oeste,1
42,62,83.306,4474.9,66.56,3,1,0,2,3,mensual,debito,fibra,norte,0
55,60,53.81999999999999,2627.0,37.68,4,1,1,3,1,mensual,debito,fibra,oeste,0
69,38,75.14099999999999,2666.06,198.3,3,1,1,2,1,mensual,transferencia,ninguno,oeste,1
57,25,99.14149999999998,2348.97,47.41,2,1,0,5,1,mensual,transferencia,fibra,centro,1
21,11,73.6,543.99,95.58,3,1,1,3,1,anual,debito,movil,sur,0
20,44,76.314,2891.31,5.0,4,0,1,5,3,mensual,credito,fibra,centro,1
18,8,62.2035,480.46,140.75,2,1,1,2,1,anual,credito,movil,centro,0
27,34,75.14099999999999,2232.28,133.4,3,1,0,5,3,mensual,transferencia,fibra,centro,1
46,23,33.5685,853.85,155.05,4,1,1,4,1,mensual,credito,fibra,sur,1
39,60,87.722,4511.36,86.06,2,0,0,3,1,bianual,transferencia,fibra,norte,1
38,16,108.2725,1618.68,118.16,2,0,0,3,2,bianual,credito,cable,centro,0
27,20,66.723,898.29,150.25,3,1,1,1,3,anual,credito,cable,centro,0
25,17,65.0095,1078.6,114.04,3,1,1,5,3,mensual,transferencia,fibra,centro,0
21,18,75.18699999999998,996.16,127.37,3,1,0,1,2,mensual,transferencia,ninguno,centro,0
35,45,73.508,3248.02,188.68,1,1,0,5,1,anual,transferencia,cable,centro,0
53,69,53.81999999999999,3298.88,108.38,1,1,0,2,1,anual,debito,fibra,sur,0
68,32,75.50899999999999,2197.4,134.88,4,0,0,2,1,mensual,efectivo,fibra,norte,1
60,24,110.07799999999999,2291.02,131.21,3,0,1,1,1,mensual,debito,movil,sur,1
44,2,59.4205,84.77,5.0,1,1,1,3,2,mensual,transferencia,cable,sur,1
43,52,117.61049999999999,5371.47,111.0,1,1,0,4,2,mensual,credito,fibra,sur,0
75,10,60.397999999999996,597.75,60.77,2,1,0,5,2,anual,credito,fibra,oeste,1
38,56,96.255,4941.83,98.7,2,1,1,1,2,mensual,transferencia,cable,norte,0
32,65,76.85449999999999,4498.41,80.44,2,0,0,2,1,mensual,credito,movil,centro,1
69,12,57.84499999999999,550.24,81.13,1,1,1,2,1,mensual,credito,fibra,oeste,1
59,32,60.50149999999999,1777.66,93.03,3,0,0,4,1,anual,efectivo,cable,oeste,0
40,55,99.199,4787.35,94.16,1,1,1,3,3,bianual,credito,fibra,centro,0
61,65,100.7285,6004.66,148.29,3,1,1,2,1,mensual,debito,fibra,sur,0
56,63,81.76499999999999,4536.43,107.46,3,1,1,2,2,anual,credito,fibra,norte,1
52,24,73.72649999999999,1605.52,115.27,2,0,0,3,3,mensual,debito,fibra,centro,1
19,15,71.42649999999999,964.74,184.04,3,0,0,3,2,anual,credito,fibra,sur,1
77,11,86.5145,729.84,102.71,2,1,0,2,2,mensual,credito,fibra,centro,1
54,25,36.31699999999999,876.92,96.0,3,1,1,2,2,mensual,debito,movil,sur,0
41,55,98.07199999999999,4640.74,94.83,3,1,1,3,2,anual,transferencia,fibra,oeste,1
54,58,55.418499999999995,2814.81,73.35,4,1,1,1,1,bianual,debito,movil,centro,0
28,10,62.629,794.45,117.95,4,1,1,4,1,anual,debito,cable,sur,0
50,37,58.3855,1939.24,109.47,4,1,0,2,1,anual,debito,fibra,centro,0
67,7,108.192,834.16,225.33,4,1,1,4,2,bianual,credito,fibra,norte,1
45,18,100.93549999999999,1936.2,151.8,3,1,1,1,1,mensual,debito,movil,oeste,0
62,67,75.0835,4380.44,128.71,4,1,1,1,1,mensual,efectivo,fibra,sur,1
30,41,60.55899999999999,2113.93,161.55,1,1,1,2,1,mensual,efectivo,fibra,centro,1
67,39,85.8475,2937.52,115.52,1,1,0,3,1,mensual,debito,movil,centro,1
54,29,67.3325,1603.12,122.65,4,1,0,4,2,bianual,credito,cable,oeste,0
61,16,101.3725,1312.36,153.69,1,1,1,3,1,mensual,debito,ninguno,oeste,1
52,21,71.8175,1365.15,142.87,3,1,1,2,2,mensual,credito,movil,norte,1
67,12,44.436,473.45,57.38,2,1,1,2,2,mensual,debito,fibra,centro,0
23,46,98.5205,3906.3,156.55,3,1,1,2,1,mensual,transferencia,fibra,centro,1
60,42,84.7895,3174.57,66.73,2,1,1,3,1,mensual,credito,fibra,oeste,0
57,62,57.534499999999994,2948.77,163.58,2,0,1,4,2,mensual,debito,fibra,norte,1
50,54,95.0015,4432.45,106.74,2,1,0,4,2,bianual,credito,cable,centro,0
37,39,68.64349999999999,2415.8,78.01,1,1,0,2,1,anual,credito,fibra,centro,1
74,38,69.29899999999999,2314.59,93.53,2,0,0,5,3,anual,efectivo,fibra,norte,0
29,33,96.577,2738.08,79.84,1,1,1,2,1,anual,transferencia,cable,sur,0
43,69,18.054999999999996,1211.31,105.02,4,0,0,3,1,mensual,credito,fibra,norte,0
40,70,59.248,3608.72,140.02,2,1,1,4,2,bianual,transferencia,fibra,norte,0
26,12,108.95099999999998,1282.01,91.43,1,1,1,5,1,mensual,credito,cable,norte,0
20,15,17.25,167.22,65.74,2,1,1,3,1,mensual,transferencia,fibra,sur,1
27,62,61.202999999999996,3360.8,106.7,2,1,0,2,1,mensual,debito,fibra,centro,0
65,13,96.761,1142.85,116.57,4,0,1,4,2,mensual,debito,ninguno,centro,0
25,27,68.5975,1514.86,215.72,3,1,1,3,4,bianual,debito,fibra,oeste,0
20,58,82.92649999999999,4269.73,132.8,4,1,1,6,1,anual,debito,cable,sur,0
58,68,63.399499999999996,3622.6,68.69,3,1,1,4,2,mensual,credito,movil,centro,1
42,39,63.94,2197.39,5.0,4,1,0,2,1,mensual,efectivo,fibra,norte,0
39,9,26.2775,349.77,112.23,2,1,1,2,1,mensual,efectivo,movil,sur,0
58,17,36.006499999999996,625.0,140.53,2,0,1,4,2,anual,debito,movil,sur,0
49,71,100.9585,6190.49,146.74,1,0,1,2,2,anual,debito,ninguno,centro,1
20,14,82.14450000000001,874.48,99.78,1,1,0,1,1,bianual,transferencia,cable,oeste,1
54,41,78.982,2938.56,194.32,3,0,0,1,1,mensual,transferencia,cable,norte,0
67,38,59.06399999999999,1958.17,179.79,2,1,0,1,2,mensual,debito,cable,oeste,0
66,27,68.678,1760.72,146.81,2,1,1,4,2,mensual,efectivo,cable,sur,0
28,20,61.93899999999999,1016.92,29.92,1,1,1,3,2,bianual,credito,cable,norte,1
76,52,48.84049999999999,1967.7,46.99,1,1,0,3,1,mensual,credito,fibra,sur,0
25,55,71.392,3425.9,132.46,3,1,0,1,1,anual,debito,cable,centro,0
20,27,92.207,2202.26,187.88,2,1,1,6,1,anual,debito,fibra,centro,1
28,49,88.872,3769.64,190.22,2,1,1,2,2,mensual,debito,ninguno,centro,1
75,45,48.80599999999999,1897.69,174.98,4,1,1,3,1,mensual,debito,fibra,norte,0
72,53,62.145999999999994,2972.35,93.43,4,1,1,4,2,mensual,transferencia,cable,oeste,0
52,71,24.2765,1466.87,94.25,3,0,0,3,1,mensual,credito,movil,centro,0
48,23,78.10799999999999,1777.26,127.15,2,1,0,4,2,mensual,credito,fibra,sur,0
53,70,113.827,6890.66,128.96,3,1,0,3,1,anual,efectivo,cable,norte,1
21,57,103.707,5275.89,144.33,4,1,0,2,1,anual,debito,ninguno,sur,1
19,51,68.96549999999999,3119.64,33.13,1,1,1,3,1,mensual,debito,movil,centro,1
21,72,36.409,2095.22,84.18,2,0,0,3,2,mensual,debito,fibra,centro,0
67,58,79.0855,3809.07,105.26,2,1,0,2,3,anual,debito,fibra,norte,0
65,56,112.52749999999999,5457.12,71.81,3,1,0,1,2,mensual,credito,cable,centro,1
29,25,46.7245,1068.96,148.83,3,1,1,4,1,mensual,debito,fibra,centro,0
76,37,94.16199999999999,3139.38,63.4,4,1,1,1,1,mensual,transferencia,movil,norte,1
26,44,103.21249999999999,4071.27,108.53,2,1,1,2,1,mensual,transferencia,cable,centro,0
21,46,67.35549999999999,2654.61,158.45,4,1,0,2,1,anual,transferencia,cable,centro,1
29,47,107.89299999999999,4229.31,97.1,1,1,1,3,1,mensual,debito,fibra,centro,0
75,44,63.698499999999996,2247.36,163.16,3,1,1,2,2,mensual,transferencia,fibra,oeste,0
37,44,83.9845,3312.44,149.28,3,0,1,1,1,mensual,efectivo,movil,centro,0
26,12,96.646,1110.85,80.17,4,1,1,3,1,mensual,transferencia,cable,norte,1
62,11,38.387,289.66,69.2,3,0,0,1,3,mensual,transferencia,fibra,centro,1
67,55,92.2645,4436.73,96.52,2,1,0,8,1,anual,efectivo,fibra,norte,0
67,64,73.45049999999999,4201.87,136.97,2,1,0,2,2,mensual,debito,fibra,sur,1
21,56,50.1055,2342.44,183.33,2,0,1,4,1,mensual,transferencia,movil,oeste,1
20,63,98.16399999999999,5289.04,183.68,4,1,1,6,1,anual,efectivo,fibra,norte,1
25,70,71.50699999999999,4299.48,125.87,4,0,0,3,1,bianual,efectivo,fibra,sur,1
73,55,68.0915,3224.74,156.13,1,0,0,1,1,anual,efectivo,fibra,norte,0
46,27,100.73999999999998,2331.61,122.48,1,1,0,2,2,mensual,credito,cable,sur,1
75,69,101.752,5975.16,158.49,2,1,1,3,1,mensual,transferencia,fibra,norte,1
36,55,67.0565,3068.2,127.96,3,1,0,3,1,bianual,debito,cable,norte,0
38,51,72.5765,3086.93,118.33,4,1,0,2,1,mensual,debito,movil,norte,0
32,52,70.85149999999999,3046.51,86.21,2,1,0,1,1,anual,efectivo,fibra,sur,0
27,24,47.3225,937.05,146.73,4,1,1,1,3,bianual,credito,fibra,oeste,0
59,27,61.65149999999999,1631.42,192.93,2,0,0,6,1,mensual,credito,cable,sur,0
78,25,102.86749999999999,2311.69,164.57,1,1,0,2,1,mensual,transferencia,cable,centro,0
49,70,100.257,5851.55,134.39,4,1,0,2,2,bianual,transferencia,movil,norte,1
40,43,41.6875,1593.91,136.76,3,1,0,4,2,mensual,efectivo,ninguno,sur,1
61,46,61.341,2353.78,64.74,4,1,0,2,1,bianual,efectivo,fibra,sur,0
71,30,66.999,1747.11,144.71,3,0,0,4,1,anual,efectivo,fibra,centro,0
22,25,87.30799999999999,2011.23,166.79,3,1,1,1,1,anual,debito,fibra,oeste,1
50,69,29.313499999999998,1716.84,51.26,4,1,0,5,2,mensual,credito,fibra,norte,0
56,37,71.5415,2117.53,144.95,2,0,1,3,1,anual,efectivo,cable,oeste,1
24,21,94.484,1576.0,93.28,4,0,0,3,1,mensual,credito,cable,sur,0
21,1,98.16399999999999,50.0,71.16,3,0,1,4,2,bianual,credito,cable,oeste,0
24,49,102.05099999999999,4231.45,87.56,2,1,0,5,2,anual,credito,cable,sur,0
56,67,99.34849999999999,5847.17,83.19,1,0,1,2,2,bianual,debito,movil,norte,0
53,19,78.68299999999999,1300.77,144.02,2,0,0,2,1,bianual,debito,fibra,oeste,1
19,64,54.1765,3185.9,120.12,1,1,1,3,1,bianual,debito,cable,oeste,1
59,2,94.26549999999999,156.41,13.45,2,0,1,3,3,bianual,debito,fibra,centro,0
70,64,76.58999999999999,4424.94,160.5,3,0,1,5,1,bianual,efectivo,movil,centro,0
36,5,109.68699999999998,420.82,27.21,2,1,1,3,2,mensual,efectivo,cable,centro,0
40,24,97.382,2333.62,203.57,4,1,1,2,3,anual,debito,cable,centro,0
76,35,52.12949999999999,1567.25,181.53,4,1,0,1,1,anual,debito,cable,centro,0
19,70,62.7555,3834.79,79.04,1,1,0,2,2,mensual,credito,movil,sur,0
56,63,45.5745,2644.08,141.06,1,0,1,2,1,mensual,efectivo,cable,norte,0
27,45,85.767,3588.39,116.47,4,1,0,3,1,bianual,efectivo,movil,oeste,0
40,54,80.12049999999999,3813.06,88.34,3,1,0,2,1,bianual,credito,movil,norte,1
18,15,66.2515,823.89,132.91,2,0,1,2,2,anual,transferencia,cable,oeste,0
34,19,78.6485,1312.63,93.47,1,1,1,2,1,mensual,credito,fibra,centro,1
18,28,124.99349999999998,3062.02,86.53,4,1,0,1,2,mensual,debito,movil,centro,0
18,37,69.0805,2247.82,101.76,2,1,0,5,1,mensual,debito,ninguno,oeste,1
69,72,57.49999999999999,3570.56,110.44,2,0,0,2,3,mensual,efectivo,movil,sur,1
41,63,95.34649999999999,5026.75,80.83,4,1,1,2,1,mensual,debito,fibra,centro,0
55,41,54.1995,1828.17,98.87,2,0,1,2,1,anual,transferencia,movil,centro,0
56,48,96.96799999999999,4074.37,83.67,4,0,1,3,1,anual,debito,cable,centro,0
58,41,62.15749999999999,2118.96,178.42,1,1,1,1,1,mensual,efectivo,fibra,centro,1
78,21,80.68399999999998,1277.47,171.02,3,0,1,3,1,mensual,credito,fibra,norte,1
36,22,86.0085,1494.33,92.92,2,0,0,5,1,anual,credito,cable,oeste,1
57,37,69.9545,2312.32,146.15,3,1,1,4,1,mensual,debito,ninguno,sur,0
33,53,120.26699999999998,5655.15,113.78,2,1,1,3,1,bianual,credito,cable,oeste,1
38,46,59.730999999999995,2269.41,139.93,4,1,0,2,2,mensual,efectivo,fibra,centro,0
71,25,85.36449999999999,1967.63,53.07,1,0,1,2,1,mensual,transferencia,cable,sur,0
78,8,62.169,512.26,140.53,2,1,1,2,1,mensual,debito,fibra,norte,1
59,35,36.731,1253.6,219.56,4,0,0,3,2,mensual,debito,fibra,centro,1
41,10,64.722,432.0,67.86,4,0,1,1,1,mensual,debito,fibra,oeste,1
56,15,91.22949999999999,1047.45,118.29,4,0,1,5,1,anual,credito,fibra,oeste,1
35,32,53.635999999999996,1559.13,257.78,4,1,1,4,1,mensual,debito,cable,oeste,1
30,14,36.2825,470.84,79.22,4,1,1,2,3,anual,transferencia,cable,sur,1
21,24,96.807,1971.28,118.08,2,0,1,2,1,bianual,debito,fibra,norte,1
77,8,88.481,495.46,104.14,2,0,1,3,2,mensual,credito,cable,centro,1
62,6,67.0795,406.4,133.4,3,0,0,5,1,mensual,credito,cable,centro,0
25,54,67.137,3337.61,114.97,3,1,1,3,2,mensual,transferencia,fibra,oeste,0
52,29,79.38449999999999,2075.69,70.14,2,1,0,4,1,anual,efectivo,movil,sur,0
60,68,81.0405,4637.14,80.3,3,1,0,3,1,anual,credito,cable,norte,0
65,19,87.39999999999999,1491.4,161.57,2,0,1,2,1,bianual,credito,fibra,sur,1
58,60,68.29849999999999,3620.13,157.78,2,1,1,3,2,mensual,credito,cable,norte,1
57,13,72.7375,1037.51,98.25,2,1,1,2,2,anual,credito,cable,centro,0
54,58,95.9905,4988.18,227.41,3,1,1,1,1,anual,efectivo,cable,centro,1
73,71,71.8175,4392.12,79.74,4,1,0,2,3,mensual,debito,ninguno,centro,0
28,34,125.38449999999999,3732.07,86.51,2,1,0,1,1,mensual,transferencia,cable,norte,1
58,44,58.512,2111.1,126.4,4,1,1,3,1,mensual,transferencia,fibra,oeste,1
60,47,106.3865,4249.69,163.81,4,1,0,3,2,mensual,debito,movil,oeste,1
40,10,83.2945,637.85,125.03,3,1,1,5,3,bianual,debito,fibra,sur,0
76,65,98.25599999999999,5743.97,56.78,1,1,1,2,1,mensual,credito,movil,sur,0
71,10,73.28949999999999,715.03,127.09,2,1,0,2,1,mensual,credito,movil,centro,1
58,23,98.89999999999999,1952.87,130.82,2,1,0,1,1,mensual,transferencia,fibra,norte,1
19,52,95.1625,4292.18,122.08,1,1,1,4,3,mensual,transferencia,ninguno,centro,0
19,61,71.5645,3896.72,74.98,2,1,1,4,3,mensual,credito,cable,centro,0
41,3,51.312999999999995,188.85,156.0,2,0,1,3,2,mensual,debito,movil,norte,0
47,70,104.2705,6494.78,67.49,4,1,1,4,1,anual,credito,cable,sur,1
75,11,72.28899999999999,723.97,115.96,3,1,0,5,1,mensual,debito,fibra,sur,0
42,9,21.804,105.67,117.37,2,0,1,2,1,bianual,debito,fibra,sur,0
71,67,46.55199999999999,2673.75,26.09,1,0,0,1,2,anual,debito,cable,norte,1
30,26,75.60099999999998,1693.53,53.44,1,0,0,4,3,anual,transferencia,fibra,centro,1
53,72,65.6995,4086.1,48.68,3,1,0,3,1,mensual,credito,fibra,oeste,1
56,4,50.57699999999999,337.8,99.28,3,1,0,3,1,bianual,debito,fibra,centro,0
38,58,98.18699999999998,5011.91,140.86,4,1,1,2,1,anual,efectivo,cable,centro,0
24,48,106.20249999999999,4496.0,63.36,4,1,1,3,1,anual,efectivo,movil,oeste,0
59,16,94.9095,1351.84,117.6,2,0,1,4,1,mensual,credito,cable,oeste,1
73,71,125.419,7908.39,99.63,1,0,0,1,1,mensual,credito,cable,centro,0
63,11,105.51249999999999,1034.69,52.09,1,0,1,1,2,bianual,debito,fibra,norte,1
64,14,63.894,892.96,100.29,4,1,1,3,3,mensual,debito,fibra,norte,0
23,40,78.28049999999999,2730.28,138.13,3,1,0,2,3,mensual,debito,movil,norte,0
78,37,67.942,2127.66,117.08,1,1,1,2,2,anual,debito,fibra,norte,0
19,38,73.84149999999998,2577.84,196.33,2,0,1,2,1,mensual,debito,fibra,norte,0
75,24,96.62299999999999,1926.03,86.58,3,1,0,3,1,mensual,transferencia,cable,sur,1
50,71,96.9335,6127.65,191.25,2,1,1,2,1,anual,credito,fibra,oeste,0
35,4,113.689,489.93,118.98,4,1,1,5,1,bianual,debito,cable,oeste,0
55,62,42.4235,2135.23,105.37,2,0,1,3,1,bianual,credito,fibra,norte,1
44,40,68.954,2440.0,73.16,3,1,1,1,2,bianual,credito,movil,norte,0
73,23,69.82799999999999,1338.19,146.9,3,0,0,2,1,anual,credito,cable,sur,1
55,5,102.948,391.37,5.0,3,1,1,3,3,mensual,efectivo,movil,sur,0
26,48,50.2205,2136.15,54.99,4,0,0,3,2,bianual,debito,fibra,centro,0
63,56,82.616,4134.7,156.87,1,0,1,3,1,mensual,transferencia,fibra,centro,1
42,12,69.322,656.74,158.01,3,0,0,1,1,bianual,debito,cable,norte,0
58,18,77.90099999999998,1076.9,89.51,1,1,1,3,1,mensual,credito,fibra,centro,0
26,20,57.695499999999996,847.01,121.14,1,0,1,4,1,anual,credito,fibra,sur,0
44,2,84.90449999999998,50.0,125.74,2,0,0,4,3,mensual,efectivo,cable,norte,1
27,71,68.05699999999999,4339.36,175.32,2,1,1,2,1,mensual,transferencia,fibra,norte,0
25,22,102.78699999999999,2035.4,142.53,3,1,1,1,3,anual,debito,fibra,centro,0
74,32,37.9845,1075.53,93.08,2,0,1,3,2,mensual,debito,cable,norte,0
46,7,42.526999999999994,194.52,129.42,2,0,0,2,1,mensual,transferencia,fibra,centro,1
27,58,86.98599999999999,4375.42,108.15,2,1,0,2,1,anual,transferencia,cable,norte,0
41,31,105.48949999999999,2692.4,138.43,3,1,0,4,2,anual,debito,fibra,centro,0
42,7,56.2925,245.27,96.48,2,1,1,2,1,mensual,debito,movil,oeste,1
34,72,104.64999999999999,6442.51,20.06,1,1,0,3,1,mensual,transferencia,ninguno,centro,0
70,34,107.157,3064.23,166.58,1,1,1,1,1,mensual,debito,fibra,norte,0
78,6,75.09499999999998,153.1,137.74,1,1,1,1,3,mensual,debito,cable,sur,1
64,61,40.687,2182.79,218.56,1,1,0,2,1,mensual,efectivo,fibra,oeste,0
27,58,96.807,4804.47,163.22,4,1,0,3,1,anual,credito,ninguno,centro,0
26,72,79.971,4993.31,159.32,2,1,1,3,2,anual,debito,fibra,centro,1
58,52,68.954,2874.32,117.98,4,1,1,1,2,mensual,credito,cable,oeste,1
50,3,76.107,141.27,239.47,4,1,0,2,2,mensual,credito,movil,centro,1
30,28,96.439,2380.51,127.9,4,0,1,4,2,mensual,efectivo,cable,sur,0
45,27,69.89699999999999,1633.31,70.21,2,0,1,5,2,mensual,transferencia,fibra,oeste,0
66,44,87.3425,3339.48,134.94,3,1,0,2,1,anual,credito,fibra,norte,0
46,20,83.9845,1325.42,102.94,3,0,1,1,2,bianual,debito,cable,centro,1
31,69,69.7935,4240.97,142.37,1,1,1,4,1,mensual,credito,cable,sur,1
18,46,112.8265,4779.72,170.53,1,1,0,1,2,mensual,efectivo,movil,centro,0
46,32,108.75549999999998,2788.31,206.39,1,0,1,1,2,anual,debito,fibra,norte,0
61,2,60.915499999999994,141.82,196.8,4,1,0,2,2,mensual,credito,fibra,oeste,1
43,37,79.327,2540.97,98.9,1,1,0,3,1,anual,debito,fibra,centro,0
57,5,86.47999999999999,307.38,81.13,2,1,1,4,1,mensual,transferencia,movil,norte,0
38,15,100.86649999999999,1394.21,174.14,3,1,0,2,1,mensual,credito,cable,oeste,1
32,4,83.77749999999999,236.62,130.14,4,1,1,2,2,mensual,credito,fibra,oeste,1
68,9,59.10999999999999,385.99,86.78,3,0,0,4,2,mensual,efectivo,ninguno,sur,0
19,31,55.98199999999999,1457.3,114.43,4,1,0,1,1,mensual,credito,movil,oeste,0
23,54,90.87299999999999,4298.21,169.3,3,1,0,6,1,anual,credito,fibra,oeste,0
28,16,78.3955,943.16,127.48,2,1,0,2,1,bianual,debito,cable,norte,0
63,30,97.23249999999999,2312.04,111.72,2,1,0,6,1,anual,debito,cable,centro,0
22,63,52.5205,2776.35,77.3,4,1,1,6,1,bianual,debito,cable,norte,0
20,25,42.227999999999994,846.9,111.81,2,1,0,6,3,mensual,efectivo,cable,sur,0
65,3,78.09649999999999,174.7,114.84,3,1,1,2,1,bianual,credito,fibra,centro,1
61,31,58.454499999999996,1619.46,175.71,4,1,0,2,2,mensual,transferencia,cable,oeste,1
49,72,60.37499999999999,3695.83,136.66,1,1,0,4,1,bianual,credito,movil,norte,0
53,5,78.9935,425.95,217.66,3,1,0,3,2,mensual,credito,fibra,centro,0
45,63,90.3785,4835.4,217.82,3,1,1,4,3,bianual,transferencia,cable,norte,0
70,15,82.708,824.35,104.3,3,0,1,1,1,mensual,credito,fibra,centro,0
64,47,99.50949999999999,4208.2,195.08,3,1,0,1,3,mensual,efectivo,ninguno,centro,1
46,26,98.7965,2053.92,149.95,1,1,1,6,2,mensual,credito,fibra,centro,0
49,66,98.1755,5604.06,130.44,4,1,0,2,1,mensual,credito,fibra,sur,1
58,5,57.71849999999999,313.1,146.14,3,0,0,2,1,anual,efectivo,fibra,centro,0
47,42,88.987,3452.2,176.53,3,0,0,1,2,mensual,debito,fibra,sur,0
18,67,87.1125,4804.17,222.71,1,1,1,2,1,bianual,credito,movil,centro,0
34,20,100.326,1532.29,100.19,3,0,0,4,3,anual,debito,movil,sur,0
36,53,36.616,1531.23,40.14,1,1,1,2,3,mensual,efectivo,ninguno,norte,0
27,6,54.912499999999994,150.28,70.8,1,1,1,3,1,mensual,credito,ninguno,sur,0
67,11,88.389,867.2,144.03,2,0,0,2,2,mensual,debito,cable,centro,1
54,36,84.47899999999998,2693.25,85.55,3,1,1,2,1,mensual,debito,fibra,norte,0
18,3,54.946999999999996,50.0,140.7,1,0,0,3,2,anual,debito,movil,norte,0
38,8,93.2075,645.43,31.99,3,0,1,3,2,mensual,debito,fibra,norte,0
25,19,75.11799999999998,1124.27,160.74,4,0,1,1,1,bianual,debito,cable,sur,0
69,34,111.205,3267.25,66.98,3,0,0,1,1,bianual,debito,movil,oeste,1
40,4,98.55499999999999,400.84,179.14,4,1,1,2,1,mensual,debito,cable,centro,0
58,31,78.4185,2007.57,34.84,4,1,1,6,3,anual,credito,fibra,centro,0
75,53,87.39999999999999,3813.18,228.67,2,1,1,6,1,mensual,debito,cable,norte,0
69,30,97.68099999999998,2586.06,91.0,1,1,0,5,3,anual,debito,fibra,centro,1
29,38,89.81499999999998,2949.17,171.32,2,1,1,2,1,anual,credito,fibra,sur,0
65,45,69.9315,2812.41,99.0,4,1,1,6,2,bianual,efectivo,cable,centro,1
20,10,43.527499999999996,395.5,144.91,3,0,0,5,1,bianual,credito,movil,sur,1
45,11,115.0115,1075.01,151.11,4,0,1,1,1,mensual,debito,movil,norte,0
61,23,67.8385,1355.72,46.68,4,1,1,3,1,mensual,debito,movil,norte,0
68,63,104.1785,5804.51,129.95,3,1,1,2,2,mensual,transferencia,fibra,norte,1
27,71,52.290499999999994,3285.7,118.51,1,1,0,1,1,mensual,credito,fibra,sur,0
42,11,89.5505,971.45,72.56,2,1,1,2,1,anual,efectivo,movil,norte,0
55,59,62.053999999999995,3176.49,129.54,3,0,0,3,2,mensual,credito,fibra,oeste,1
37,51,83.076,3895.25,127.85,4,0,1,3,3,mensual,debito,fibra,centro,1
37,46,96.54249999999999,3825.49,147.29,2,1,1,3,2,bianual,transferencia,cable,centro,0
37,51,64.998,2995.96,92.67,3,0,1,3,1,bianual,debito,fibra,norte,0
63,45,65.51549999999999,2484.46,38.79,1,0,0,1,2,mensual,credito,cable,centro,1
72,44,99.3945,4018.5,65.26,1,1,0,3,2,anual,debito,cable,sur,0
63,46,99.41749999999999,3708.15,87.34,3,0,1,3,1,bianual,debito,ninguno,norte,1
21,7,100.9585,735.2,97.64,3,0,0,7,1,mensual,debito,cable,sur,0
56,58,112.65399999999998,5682.87,138.32,4,0,0,1,2,mensual,debito,cable,centro,1
18,56,82.74249999999999,3924.3,175.15,3,1,0,3,4,anual,transferencia,fibra,centro,1
59,12,59.385999999999996,717.62,129.6,2,0,1,3,1,anual,debito,movil,centro,1
22,48,61.1915,2650.39,50.68,3,1,1,1,1,mensual,transferencia,movil,oeste,1
78,2,110.14699999999999,189.23,24.9,2,1,0,2,1,mensual,credito,fibra,oeste,0
64,72,142.9335,9083.06,149.21,3,1,0,3,1,mensual,transferencia,fibra,norte,0
40,27,61.927499999999995,1601.93,207.32,4,1,1,1,1,mensual,transferencia,movil,oeste,0
73,42,65.18199999999999,2384.65,46.37,1,1,1,5,1,mensual,debito,fibra,norte,1
67,56,73.65749999999998,3298.14,162.27,4,1,1,5,2,anual,debito,fibra,norte,1
65,27,108.38749999999999,2406.32,94.18,2,1,1,3,2,mensual,efectivo,cable,centro,0
71,54,47.173,2138.0,135.89,1,0,1,1,1,anual,credito,cable,centro,0
67,37,54.314499999999995,1866.45,180.8,4,1,0,3,2,anual,credito,movil,centro,0
20,49,88.15899999999999,3723.02,191.52,2,1,0,2,1,mensual,credito,cable,oeste,1
67,9,78.5105,585.17,132.49,4,0,1,2,1,mensual,debito,fibra,centro,1
40,39,115.782,4012.67,119.11,1,1,1,3,2,mensual,transferencia,fibra,sur,0
47,19,105.08699999999999,1902.8,132.72,2,0,1,2,1,mensual,debito,movil,norte,0
33,15,45.022499999999994,467.3,104.03,2,1,0,6,2,bianual,transferencia,fibra,centro,0
75,16,93.51799999999999,1072.36,135.49,2,0,0,1,2,mensual,transferencia,fibra,oeste,1
32,6,105.76549999999999,547.47,60.83,2,0,0,2,1,mensual,credito,cable,norte,1
64,8,69.50599999999999,345.07,133.91,1,1,0,2,1,mensual,efectivo,ninguno,norte,1
57,70,89.95299999999999,5420.86,115.86,4,1,1,2,1,mensual,transferencia,movil,sur,1
69,10,82.1675,678.89,129.79,1,1,1,1,3,mensual,transferencia,fibra,norte,0
64,14,69.48299999999999,805.19,103.36,3,1,1,8,2,mensual,transferencia,fibra,centro,1
50,70,58.535,3550.54,137.9,3,0,1,2,1,mensual,credito,cable,centro,0
41,42,54.4985,1984.17,128.48,1,1,0,3,2,anual,efectivo,fibra,oeste,0
20,19,85.2725,1409.17,143.67,1,1,1,5,1,anual,debito,fibra,oeste,0
65,33,90.3785,2525.33,208.47,4,0,0,1,1,mensual,transferencia,fibra,centro,0
77,66,53.888999999999996,3253.12,121.11,2,0,1,5,1,bianual,efectivo,ninguno,norte,0
48,24,110.66449999999999,2472.57,172.72,4,0,1,1,1,mensual,transferencia,movil,centro,0
49,23,43.59649999999999,777.89,57.97,4,0,0,3,1,bianual,efectivo,fibra,centro,1
70,2,44.344,136.96,96.99,3,0,1,2,3,anual,efectivo,ninguno,centro,0
54,63,62.11149999999999,3288.41,126.55,2,1,0,4,1,mensual,credito,movil,sur,0
69,33,87.80249999999998,2549.75,20.32,3,1,1,4,1,bianual,debito,ninguno,centro,0
73,17,92.7475,1391.11,108.63,3,1,1,1,2,mensual,efectivo,movil,norte,0
57,71,41.055,2606.46,176.48,4,1,0,1,2,anual,debito,movil,centro,0
24,57,73.81849999999999,3702.08,198.59,3,1,1,1,1,mensual,debito,fibra,centro,0
49,37,88.987,2957.93,132.12,4,1,0,1,2,mensual,transferencia,cable,sur,0
43,66,32.76349999999999,1677.92,205.94,3,0,0,3,1,anual,transferencia,cable,norte,0
47,71,61.3525,3707.25,98.44,3,0,0,1,1,bianual,credito,cable,oeste,0
30,25,94.4035,2020.78,91.47,4,0,1,2,2,anual,debito,cable,sur,0
54,15,78.13099999999999,1088.84,105.56,2,1,0,1,2,bianual,transferencia,ninguno,sur,1
45,1,64.9405,55.47,45.26,2,0,0,4,1,anual,efectivo,fibra,norte,1
64,12,91.20649999999999,1110.38,204.0,2,1,1,3,2,anual,debito,fibra,oeste,0
69,2,27.691999999999997,94.44,160.26,2,1,0,3,1,mensual,credito,fibra,centro,1
39,49,68.03399999999999,2528.92,111.49,4,1,0,2,4,bianual,credito,fibra,centro,0
27,33,63.894,1998.19,89.13,3,1,0,3,2,anual,debito,cable,sur,0
29,44,111.136,4266.0,76.01,4,1,1,3,1,bianual,credito,cable,norte,1
46,15,89.0445,1111.16,86.2,2,1,1,2,1,anual,debito,movil,sur,0
58,19,50.36999999999999,872.71,98.98,4,1,1,2,2,mensual,debito,movil,norte,0
55,58,75.09499999999998,3754.83,93.92,4,0,0,3,1,anual,credito,cable,centro,1
73,5,63.916999999999994,151.52,189.94,3,1,0,1,3,mensual,efectivo,movil,norte,0
47,68,84.17999999999999,4986.68,101.65,3,1,1,2,1,anual,debito,cable,oeste,1
62,59,55.199999999999996,2786.6,147.7,3,0,0,3,1,mensual,credito,cable,oeste,0
70,39,84.27199999999999,2621.7,45.25,1,1,0,3,3,mensual,debito,fibra,centro,0
42,14,82.892,921.77,96.1,3,1,1,2,1,mensual,debito,ninguno,centro,0
27,59,67.4705,3369.2,139.69,1,1,0,1,1,anual,transferencia,fibra,norte,0
71,39,86.3535,2957.02,43.61,3,1,1,3,2,anual,transferencia,movil,sur,0
68,44,72.1165,2740.69,82.44,1,1,1,5,3,anual,credito,movil,centro,1
55,72,79.82149999999999,5044.36,70.87,3,1,1,4,1,mensual,credito,movil,oeste,1
35,56,76.08399999999999,3657.54,120.13,4,0,1,2,1,mensual,debito,fibra,oeste,1
27,32,56.833,1546.95,155.71,4,1,0,1,2,mensual,credito,fibra,oeste,1
35,47,79.81,3270.75,108.54,3,1,0,1,1,bianual,efectivo,fibra,sur,0
63,18,61.846999999999994,868.43,50.53,1,1,0,1,1,anual,debito,cable,sur,1
63,69,60.949999999999996,3763.88,105.24,3,1,0,3,2,bianual,credito,cable,sur,1
28,29,114.264,2816.58,90.39,2,1,1,3,1,anual,credito,fibra,centro,1
49,29,81.535,1817.82,102.64,1,1,0,2,1,mensual,efectivo,fibra,centro,1
60,52,28.324499999999997,1327.65,192.27,1,1,0,2,1,anual,credito,fibra,norte,0
38,70,82.3975,4866.46,79.19,2,0,1,1,2,anual,debito,fibra,sur,1
53,48,122.935,4959.78,114.43,1,0,0,3,2,mensual,transferencia,fibra,centro,0
65,53,45.7815,2086.65,146.38,1,0,0,2,2,mensual,credito,cable,norte,0
67,13,106.34049999999999,1086.22,41.61,3,1,1,4,2,bianual,transferencia,cable,centro,1
45,18,83.85799999999999,1304.24,153.92,1,1,0,4,2,anual,efectivo,cable,oeste,0
59,13,64.05499999999999,935.2,157.74,3,1,1,1,1,mensual,credito,cable,sur,1
56,68,55.3035,3227.11,158.1,1,1,0,3,1,mensual,transferencia,movil,centro,0
28,53,98.969,4478.41,47.32,4,1,0,4,1,bianual,efectivo,movil,centro,1
47,42,113.988,4131.24,33.89,1,1,0,5,1,bianual,transferencia,fibra,centro,1
44,48,92.4945,3706.12,112.64,2,0,1,2,2,bianual,efectivo,cable,norte,1
45,25,87.3885,1822.98,27.17,1,0,0,5,2,mensual,debito,movil,sur,0
42,1,103.385,158.26,151.14,2,0,0,2,2,mensual,credito,cable,norte,0
43,67,57.086,3443.16,119.79,2,1,0,3,2,anual,transferencia,fibra,centro,0
47,38,65.35449999999999,2190.43,65.55,2,0,1,5,2,mensual,debito,fibra,oeste,0
34,9,117.49549999999999,973.2,183.61,1,1,1,3,2,bianual,credito,fibra,sur,0
77,17,91.586,1428.83,119.17,1,1,1,1,1,anual,debito,fibra,norte,1
23,64,90.2865,5210.02,99.93,3,1,1,2,1,mensual,credito,fibra,centro,0
57,21,95.69149999999999,1699.12,128.04,3,1,0,1,1,mensual,debito,cable,centro,1
25,6,63.43399999999999,428.02,95.55,2,1,0,4,1,bianual,debito,fibra,centro,1
49,48,41.2735,1896.29,117.84,3,1,0,2,1,anual,transferencia,movil,centro,1
47,70,129.12199999999999,7793.98,53.81,2,0,0,3,1,mensual,credito,fibra,norte,0
69,61,87.469,4567.73,94.74,3,1,0,3,2,anual,credito,fibra,sur,1
32,9,56.384499999999996,322.78,177.03,2,0,1,2,1,anual,debito,fibra,norte,1
37,28,94.645,2365.24,178.2,4,1,0,2,5,bianual,debito,cable,centro,1
77,46,84.0075,3397.69,128.59,2,1,0,2,1,bianual,efectivo,fibra,centro,0
75,34,62.605999999999995,1933.6,178.91,4,0,1,3,1,anual,credito,movil,norte,1
60,58,85.4335,4591.23,14.12,3,1,0,2,1,bianual,credito,movil,centro,1
47,47,70.2075,2770.95,33.43,3,1,0,3,2,mensual,efectivo,movil,norte,0
52,7,66.562,474.85,71.67,1,1,1,3,1,mensual,efectivo,fibra,norte,0
62,14,86.14649999999999,749.0,125.19,2,1,0,2,3,mensual,transferencia,fibra,oeste,1
68,40,38.2835,1481.02,34.74,2,1,0,3,2,mensual,transferencia,movil,centro,0
37,62,86.3535,4682.34,70.53,3,0,0,2,3,anual,credito,movil,centro,0
65,34,59.69649999999999,1765.9,195.17,2,0,0,3,3,mensual,debito,movil,sur,1
33,61,74.57749999999999,3748.54,163.42,4,0,1,2,1,mensual,transferencia,fibra,sur,0
18,50,92.75899999999999,4110.72,151.01,1,1,0,3,2,bianual,transferencia,cable,oeste,1
65,55,77.8205,3684.82,130.46,3,1,0,4,1,mensual,credito,fibra,centro,0
73,34,117.3,3485.93,87.2,4,0,0,2,2,mensual,transferencia,fibra,centro,1
23,69,78.45299999999999,4740.26,137.46,2,0,1,1,1,mensual,debito,cable,norte,0
64,30,59.9265,1640.06,141.69,4,1,1,2,2,mensual,credito,cable,norte,0
45,64,108.78999999999999,5962.95,136.23,2,1,1,2,2,anual,debito,cable,sur,0
62,60,54.141999999999996,2696.2,99.52,2,0,0,1,1,bianual,transferencia,fibra,norte,1
34,41,85.652,3243.52,165.86,4,1,1,2,1,mensual,debito,fibra,sur,1
33,25,61.754999999999995,1366.3,118.89,4,1,1,3,2,mensual,efectivo,cable,norte,1
58,59,110.975,5730.29,223.12,1,0,0,1,1,mensual,debito,fibra,sur,0
33,67,100.00399999999999,5905.61,150.49,1,1,1,5,3,mensual,debito,ninguno,centro,1
24,29,52.9,1342.57,58.09,1,1,1,3,2,mensual,efectivo,ninguno,norte,0
46,13,73.485,821.53,148.25,1,0,0,4,1,anual,efectivo,fibra,sur,0
64,30,96.9335,2453.76,110.4,4,1,0,1,2,mensual,debito,movil,sur,0
50,51,66.88399999999999,3154.43,113.42,1,0,0,2,1,anual,debito,cable,norte,0
25,16,65.9755,1002.7,46.59,1,0,0,2,2,mensual,debito,movil,centro,0
34,22,97.73849999999999,1893.19,167.78,2,0,1,2,1,bianual,debito,movil,oeste,1
33,14,48.76,673.04,79.02,4,1,1,6,1,mensual,transferencia,movil,sur,0
55,23,74.86499999999998,1516.62,75.71,4,0,1,3,2,anual,transferencia,fibra,norte,1
35,70,54.1535,3438.92,193.27,4,0,0,2,1,mensual,debito,cable,sur,0
73,5,86.7675,501.79,130.9,4,1,0,3,2,anual,efectivo,fibra,centro,0
75,25,86.3765,1866.52,123.09,3,1,1,5,4,mensual,credito,cable,sur,1
18,13,79.71799999999999,975.62,35.89,1,1,0,3,2,anual,efectivo,ninguno,sur,1
51,58,71.6565,3648.77,161.68,3,0,1,3,2,bianual,credito,fibra,centro,0
52,47,67.02199999999999,2797.15,92.14,3,0,0,1,2,mensual,debito,cable,oeste,1
37,24,64.63,1321.81,106.75,1,1,0,2,3,anual,transferencia,cable,centro,0
19,54,85.61749999999999,4070.99,196.65,4,0,1,2,2,anual,debito,movil,sur,0
25,39,47.40299999999999,1592.44,152.98,4,1,0,2,3,mensual,debito,fibra,sur,1
65,68,61.927499999999995,3651.02,183.21,3,0,1,4,2,bianual,credito,ninguno,norte,0
58,9,53.900499999999994,429.49,170.16,3,0,0,2,1,anual,credito,ninguno,sur,0
76,44,55.13099999999999,2152.26,114.92,3,1,0,1,2,anual,transferencia,movil,centro,0
59,33,56.177499999999995,1685.85,59.28,3,0,0,3,1,anual,debito,cable,centro,0
75,69,64.39999999999999,3635.82,127.81,4,1,1,2,1,bianual,debito,cable,centro,0
18,69,57.62649999999999,3730.46,212.49,4,1,1,1,2,mensual,transferencia,fibra,sur,0
58,22,91.16049999999998,1747.96,180.99,1,1,0,1,3,anual,debito,fibra,norte,0
53,14,98.48599999999999,1342.34,163.4,3,1,1,2,1,anual,transferencia,cable,norte,0
62,12,79.1315,1044.19,113.88,1,1,1,3,3,anual,credito,cable,centro,1
58,11,91.21799999999999,889.54,114.65,3,1,1,3,2,mensual,transferencia,movil,oeste,1
36,1,65.711,59.13,115.94,1,1,0,2,3,mensual,credito,fibra,centro,1
26,68,73.301,4039.67,76.44,4,1,1,2,4,anual,debito,movil,centro,1
44,26,83.53599999999999,2008.65,60.02,3,1,1,4,2,mensual,debito,movil,sur,1
44,53,85.18049999999998,3780.93,96.41,4,1,1,3,2,mensual,transferencia,fibra,oeste,1
67,37,61.74349999999999,2154.46,90.39,4,0,0,2,1,mensual,debito,fibra,centro,1
51,12,86.4455,929.1,178.29,4,0,0,1,1,mensual,credito,movil,sur,0
68,2,69.83949999999999,243.85,54.03,2,1,1,2,1,bianual,transferencia,fibra,centro,1
71,38,75.30199999999999,2455.29,129.01,1,0,0,2,2,bianual,credito,fibra,norte,1
68,33,69.13799999999999,2119.44,124.05,3,1,0,1,1,mensual,efectivo,cable,norte,0
31,28,87.814,2188.21,59.7,2,0,0,5,1,mensual,efectivo,cable,oeste,1
61,60,74.382,3829.15,122.72,1,1,0,2,1,anual,debito,fibra,oeste,0
52,70,66.654,4150.56,122.71,4,1,1,3,1,anual,debito,ninguno,centro,0
65,32,47.94349999999999,1135.72,222.65,1,0,1,2,1,mensual,transferencia,movil,oeste,0
24,48,113.0565,4887.35,141.53,2,1,1,2,1,mensual,debito,movil,centro,1
68,69,70.8055,4148.36,34.1,2,1,1,2,2,mensual,credito,fibra,centro,0
58,32,60.823499999999996,1776.65,87.14,2,1,0,1,1,mensual,transferencia,movil,centro,1
51,69,76.774,4721.28,75.64,4,0,1,2,1,mensual,credito,movil,centro,0
66,13,98.47449999999999,1058.7,160.55,2,0,1,1,1,mensual,credito,cable,centro,0
62,31,83.835,2236.18,133.27,1,0,0,4,1,mensual,debito,fibra,oeste,1
66,50,56.602999999999994,2404.25,162.26,3,1,1,2,1,mensual,debito,fibra,sur,0
65,39,85.56,2695.96,98.72,2,1,0,4,1,mensual,debito,cable,sur,1
55,20,68.931,953.75,114.26,4,1,0,3,1,bianual,debito,cable,norte,0
32,3,111.82599999999998,151.07,133.1,4,0,0,3,1,bianual,debito,cable,oeste,0
22,46,62.422,2446.54,159.74,2,1,0,2,1,bianual,credito,movil,norte,0
71,43,41.82549999999999,1453.18,103.78,4,1,0,1,3,mensual,credito,movil,centro,1
25,69,72.7605,4315.44,91.92,1,1,0,3,2,mensual,debito,fibra,centro,0
34,9,84.68599999999999,683.47,105.93,3,1,1,4,3,mensual,credito,cable,centro,0
41,71,73.81849999999999,4616.02,114.83,4,1,0,7,1,anual,efectivo,fibra,sur,0
18,18,59.857499999999995,922.51,103.78,4,1,0,2,2,anual,credito,movil,norte,0
20,5,85.445,458.32,51.4,4,1,0,1,2,mensual,debito,ninguno,centro,0
67,53,90.83849999999998,4265.26,47.12,4,0,0,1,2,bianual,debito,cable,centro,0
42,62,60.09899999999999,3233.83,87.56,3,1,0,2,1,anual,efectivo,movil,norte,1
54,4,96.70349999999999,423.67,119.29,4,0,0,2,2,bianual,efectivo,movil,sur,0
59,28,95.6685,2348.27,102.22,1,0,1,2,2,mensual,credito,fibra,norte,0
43,39,80.6955,2935.69,164.6,1,0,0,2,1,mensual,credito,fibra,centro,0
52,63,85.75549999999998,4594.22,113.89,3,1,0,2,3,mensual,debito,cable,oeste,1
55,26,40.571999999999996,748.43,179.43,1,0,0,2,3,mensual,credito,movil,centro,1
22,26,85.9395,1928.84,137.62,2,1,1,3,1,mensual,efectivo,fibra,sur,0
18,57,96.78399999999999,4740.64,147.46,4,0,0,4,4,mensual,credito,cable,centro,0
67,65,77.211,4174.77,40.83,1,1,0,1,2,anual,debito,fibra,sur,1
67,37,67.18299999999999,2113.85,188.57,1,1,0,2,2,mensual,credito,cable,sur,1
59,53,46.149499999999996,2246.07,160.59,2,1,1,4,2,mensual,credito,ninguno,oeste,1
53,63,59.754,3165.53,122.42,1,1,1,2,1,anual,transferencia,movil,centro,0
20,10,98.0375,990.95,78.75,2,1,0,3,3,anual,debito,cable,centro,1
47,35,102.91349999999998,3179.65,204.94,3,1,1,4,4,bianual,credito,movil,norte,0
77,40,77.5445,2755.17,66.49,3,1,1,1,2,mensual,credito,fibra,centro,1
36,26,74.704,1518.49,75.96,4,1,1,4,1,mensual,debito,movil,centro,0
70,49,74.04849999999999,3285.19,49.09,4,1,1,4,1,mensual,efectivo,fibra,oeste,0
23,19,80.30449999999999,1233.25,116.01,4,1,0,1,3,bianual,credito,fibra,oeste,1
23,7,86.05449999999999,353.65,118.87,1,1,1,3,2,anual,transferencia,movil,sur,1
46,70,69.3795,4106.01,5.0,1,1,0,3,1,mensual,credito,cable,centro,0
71,41,80.8795,2922.99,148.23,1,0,0,1,2,mensual,debito,fibra,norte,0
60,21,87.19299999999998,1588.62,159.31,1,0,1,1,1,mensual,credito,cable,centro,1
26,35,111.4005,3263.72,66.69,4,1,1,1,2,mensual,transferencia,movil,sur,0
49,38,58.971999999999994,1662.25,165.63,2,0,1,2,1,mensual,efectivo,fibra,sur,0
54,48,61.076499999999996,2553.12,42.64,3,0,1,2,2,mensual,debito,cable,sur,0
27,60,88.00949999999999,4512.5,139.89,3,1,1,2,2,anual,debito,movil,norte,0
33,23,63.698499999999996,1282.68,69.91,1,1,0,3,2,anual,credito,cable,oeste,0
77,49,86.93999999999998,3746.72,149.52,3,1,1,4,2,anual,transferencia,ninguno,centro,0
47,32,79.38449999999999,2283.2,31.17,4,1,1,4,1,mensual,debito,movil,norte,0
